a_image_name,b_block_id,c_pano_id,d_heading
p1r00001.jpg,170310105031015,WXo42GE_sOEe2TIYjSdzDw,2right
p1r00002.jpg,170310105031015,WXo42GE_sOEe2TIYjSdzDw,4left
p1r00003.jpg,170310105031015,x90nkFjgAj1jsiUEuTDajw,2right
p1r00004.jpg,170310105031015,x90nkFjgAj1jsiUEuTDajw,4left
p1r00005.jpg,170310201001004,678XbB9KlkV1cZJnizTjOA,2right
p1r00006.jpg,170310201001004,678XbB9KlkV1cZJnizTjOA,4left
p1r00007.jpg,170310201001004,fC7xRDMRnsBZ6owiJ36nKA,2right
p1r00008.jpg,170310201001004,fC7xRDMRnsBZ6owiJ36nKA,4left
p1r00009.jpg,170310202004007,GV86VVwYTbwqN2yLdd6bFg,2right
p1r00010.jpg,170310202004007,GV86VVwYTbwqN2yLdd6bFg,4left
p1r00011.jpg,170310202004007,icdMpz4ZWuUFRyYBhIPr9Q,2right
p1r00012.jpg,170310202004007,icdMpz4ZWuUFRyYBhIPr9Q,4left
p1r00013.jpg,170310203022014,J_Lk7p_-zh2KsWUKQ1D7iw,2right
p1r00014.jpg,170310203022014,J_Lk7p_-zh2KsWUKQ1D7iw,4left
p1r00015.jpg,170310203022014,uv_9MCunRgDyPXj8B0HqXg,2right
p1r00016.jpg,170310203022014,uv_9MCunRgDyPXj8B0HqXg,4left
p1r00017.jpg,170310204001012,BlFAOsX7q9lA3EcGqJN-cQ,2right
p1r00018.jpg,170310204001012,BlFAOsX7q9lA3EcGqJN-cQ,4left
p1r00019.jpg,170310204001012,cSy6gjFdRvqFzquKBEsvHg,2right
p1r00020.jpg,170310204001012,cSy6gjFdRvqFzquKBEsvHg,4left
p1r00021.jpg,170310208014003,cRhgeBBaBpBzdREh24nPAA,2right
p1r00022.jpg,170310208014003,cRhgeBBaBpBzdREh24nPAA,4left
p1r00023.jpg,170310208014003,s3JU1-MTYBVSdDaxGT9epw,2right
p1r00024.jpg,170310208014003,s3JU1-MTYBVSdDaxGT9epw,4left
p1r00025.jpg,170310208021017,ijwKvFUcMa1XJJQVeh9eEA,2right
p1r00026.jpg,170310208021017,ijwKvFUcMa1XJJQVeh9eEA,4left
p1r00027.jpg,170310208021017,n2xoyoHmyFerJAqCW4LgVQ,2right
p1r00028.jpg,170310208021017,n2xoyoHmyFerJAqCW4LgVQ,4left
p1r00029.jpg,170310301032001,FpyMCSQ8QwaIg63K4SohBw,2right
p1r00030.jpg,170310301032001,FpyMCSQ8QwaIg63K4SohBw,4left
p1r00031.jpg,170310301032001,ky_eBZoVTiU2Q7KZx0BJjQ,2right
p1r00032.jpg,170310301032001,ky_eBZoVTiU2Q7KZx0BJjQ,4left
p1r00033.jpg,170310302001001,cFKLDumoSd58jotH0ZkUkg,2right
p1r00034.jpg,170310302001001,cFKLDumoSd58jotH0ZkUkg,4left
p1r00035.jpg,170310302001001,WpsisBc1Kkz71W2WE5XOqQ,2right
p1r00036.jpg,170310302001001,WpsisBc1Kkz71W2WE5XOqQ,4left
p1r00037.jpg,170310305001007,5QmjpTGwRBmzuxjOlD3aCA,2right
p1r00038.jpg,170310305001007,5QmjpTGwRBmzuxjOlD3aCA,4left
p1r00039.jpg,170310305001007,Y29dvPbO0awtEqmrBCZXdQ,2right
p1r00040.jpg,170310305001007,Y29dvPbO0awtEqmrBCZXdQ,4left
p1r00041.jpg,170310307021000,bEr_kIOSKagUK-y3KZ3rLw,2right
p1r00042.jpg,170310307021000,bEr_kIOSKagUK-y3KZ3rLw,4left
p1r00043.jpg,170310307021000,MGlP_68j2FKK_zF7G8nvzA,2right
p1r00044.jpg,170310307021000,MGlP_68j2FKK_zF7G8nvzA,4left
p1r00045.jpg,170310310002005,2qq_N0L0nTpixd0q_keOOg,2right
p1r00046.jpg,170310310002005,2qq_N0L0nTpixd0q_keOOg,4left
p1r00047.jpg,170310310002005,JNGe9YuG-qiUIXBuOd8ytw,2right
p1r00048.jpg,170310310002005,JNGe9YuG-qiUIXBuOd8ytw,4left
p1r00049.jpg,170310311003002,L05bn1mgSkz3uJZpQCnfLQ,2right
p1r00050.jpg,170310311003002,L05bn1mgSkz3uJZpQCnfLQ,4left
p1r00051.jpg,170310311003002,mZb64mRiwKO6MzWNeHMh6g,2right
p1r00052.jpg,170310311003002,mZb64mRiwKO6MzWNeHMh6g,4left
p1r00053.jpg,170310314005005,IANPOPAhrsLcI3xTNPYfog,2right
p1r00054.jpg,170310314005005,IANPOPAhrsLcI3xTNPYfog,4left
p1r00055.jpg,170310314005005,LYsej8U4xBbqkbHP5jgmrg,2right
p1r00056.jpg,170310314005005,LYsej8U4xBbqkbHP5jgmrg,4left
p1r00057.jpg,170310315021003,D6hIzSirl-U9VaBe80_IAQ,2right
p1r00058.jpg,170310315021003,D6hIzSirl-U9VaBe80_IAQ,4left
p1r00059.jpg,170310315021003,xYFRxszwWqyDhLAL1xR4RQ,2right
p1r00060.jpg,170310315021003,xYFRxszwWqyDhLAL1xR4RQ,4left
p1r00061.jpg,170310317002002,eI2-1IWeeufTwD2xNu2Ahw,2right
p1r00062.jpg,170310317002002,eI2-1IWeeufTwD2xNu2Ahw,4left
p1r00063.jpg,170310317002002,iVp26OT0yOyipkgnTXAf3A,2right
p1r00064.jpg,170310317002002,iVp26OT0yOyipkgnTXAf3A,4left
p1r00065.jpg,170310318001003,PNg1ggroTKvEq4NLYubrSw,2right
p1r00066.jpg,170310318001003,PNg1ggroTKvEq4NLYubrSw,4left
p1r00067.jpg,170310318001003,Vq1J2lvTv8ID5SUlHQXCrg,2right
p1r00068.jpg,170310318001003,Vq1J2lvTv8ID5SUlHQXCrg,4left
p1r00069.jpg,170310401001032,F7UGaFkRNmZw2piNWpDaHg,2right
p1r00070.jpg,170310401001032,F7UGaFkRNmZw2piNWpDaHg,4left
p1r00071.jpg,170310401001032,vBVx4uyioKE9HWcgLG4C1Q,2right
p1r00072.jpg,170310401001032,vBVx4uyioKE9HWcgLG4C1Q,4left
p1r00073.jpg,170310402012004,4w2hmW2nw9JDwf2QskJVOg,2right
p1r00074.jpg,170310402012004,4w2hmW2nw9JDwf2QskJVOg,4left
p1r00075.jpg,170310402012004,RT5H_Wgug_tyyl1fPLaL-w,2right
p1r00076.jpg,170310402012004,RT5H_Wgug_tyyl1fPLaL-w,4left
p1r00077.jpg,170310402022003,4Ma7GP3DCAmCtUiOXrng4Q,2right
p1r00078.jpg,170310402022003,4Ma7GP3DCAmCtUiOXrng4Q,4left
p1r00079.jpg,170310402022003,i6XZtMPb0vbX1XGXkifzVw,2right
p1r00080.jpg,170310402022003,i6XZtMPb0vbX1XGXkifzVw,4left
p1r00081.jpg,170310404025010,0LY0CZZe0X_RuOLMArxB-Q,2right
p1r00082.jpg,170310404025010,0LY0CZZe0X_RuOLMArxB-Q,4left
p1r00083.jpg,170310404025010,Tg-7cGHWnk4JC_eOIbL4og,2right
p1r00084.jpg,170310404025010,Tg-7cGHWnk4JC_eOIbL4og,4left
p1r00085.jpg,170310407003008,buFlluwOWPDRFrQS6srr3Q,2right
p1r00086.jpg,170310407003008,buFlluwOWPDRFrQS6srr3Q,4left
p1r00087.jpg,170310407003008,iJX6kTqv0ww2vPUnV1HnJQ,2right
p1r00088.jpg,170310407003008,iJX6kTqv0ww2vPUnV1HnJQ,4left
p1r00089.jpg,170310501001006,-79NmNwNyQ6IQgWz6GM5YA,2right
p1r00090.jpg,170310501001006,-79NmNwNyQ6IQgWz6GM5YA,4left
p1r00091.jpg,170310501001006,W6UDTmUlZE3TBfBtDj-MIg,2right
p1r00092.jpg,170310501001006,W6UDTmUlZE3TBfBtDj-MIg,4left
p1r00093.jpg,170310501002005,Suq-ivHqvpyVEMiEyDMH3A,2right
p1r00094.jpg,170310501002005,Suq-ivHqvpyVEMiEyDMH3A,4left
p1r00095.jpg,170310501002005,U_MYN8QvqmPDMizh2AQlrQ,2right
p1r00096.jpg,170310501002005,U_MYN8QvqmPDMizh2AQlrQ,4left
p1r00097.jpg,170310502001004,9dkZa_Q9wGqN7WQCf9nQIA,2right
p1r00098.jpg,170310502001004,9dkZa_Q9wGqN7WQCf9nQIA,4left
p1r00099.jpg,170310502001004,CBpuxQbaI_DF4MMsGijBZA,2right
p1r00100.jpg,170310502001004,CBpuxQbaI_DF4MMsGijBZA,4left
p1r00101.jpg,170310502003014,-O8nFN1bF49G4RwUEq2LGg,2right
p1r00102.jpg,170310502003014,-O8nFN1bF49G4RwUEq2LGg,4left
p1r00103.jpg,170310502003014,it7EPV4eXkWRJN4OGKKTnQ,2right
p1r00104.jpg,170310502003014,it7EPV4eXkWRJN4OGKKTnQ,4left
p1r00105.jpg,170310502003015,0lNVazD-8ThEl0Enz8E0eA,2right
p1r00106.jpg,170310502003015,0lNVazD-8ThEl0Enz8E0eA,4left
p1r00107.jpg,170310502003015,v0PsnuvfX-rDpbpVsvXWXA,2right
p1r00108.jpg,170310502003015,v0PsnuvfX-rDpbpVsvXWXA,4left
p1r00109.jpg,170310505003000,29wdVmBc9Kqi0clr0c71Kg,2right
p1r00110.jpg,170310505003000,29wdVmBc9Kqi0clr0c71Kg,4left
p1r00111.jpg,170310505003000,bWgHM32eyERXH0wxw-KAjw,2right
p1r00112.jpg,170310505003000,bWgHM32eyERXH0wxw-KAjw,4left
p1r00113.jpg,170310508001003,o3YP3bXZBrS-gjX40z5_6w,2right
p1r00114.jpg,170310508001003,o3YP3bXZBrS-gjX40z5_6w,4left
p1r00115.jpg,170310508001003,SkwsJy7Jcm_I8Suz26-QYA,2right
p1r00116.jpg,170310508001003,SkwsJy7Jcm_I8Suz26-QYA,4left
p1r00117.jpg,170310602001004,DnmYeuipXz-tw97XBlxXQQ,2right
p1r00118.jpg,170310602001004,DnmYeuipXz-tw97XBlxXQQ,4left
p1r00119.jpg,170310602001004,XuVWihICFam2M-Nvoz_piw,2right
p1r00120.jpg,170310602001004,XuVWihICFam2M-Nvoz_piw,4left
p1r00121.jpg,170310603001002,ggy4QQK_j4BSfaEkBHU7Tg,2right
p1r00122.jpg,170310603001002,ggy4QQK_j4BSfaEkBHU7Tg,4left
p1r00123.jpg,170310603001002,k0M4HXoOL6l2XHZy933c_g,2right
p1r00124.jpg,170310603001002,k0M4HXoOL6l2XHZy933c_g,4left
p1r00125.jpg,170310608003001,Y1bJJQSe2d-sXlOoIHJTSQ,2right
p1r00126.jpg,170310608003001,Y1bJJQSe2d-sXlOoIHJTSQ,4left
p1r00127.jpg,170310608003001,_5_9iWW0VSrPNIl9IrVXEA,2right
p1r00128.jpg,170310608003001,_5_9iWW0VSrPNIl9IrVXEA,4left
p1r00129.jpg,170310621001003,9x2cK3-ynuRKRJLvYxA3xw,2right
p1r00130.jpg,170310621001003,9x2cK3-ynuRKRJLvYxA3xw,4left
p1r00131.jpg,170310621001003,NV2i_sqQde0NgpoZbJj1_A,2right
p1r00132.jpg,170310621001003,NV2i_sqQde0NgpoZbJj1_A,4left
p1r00133.jpg,170310623001004,-oD4SCHTyFQmW-m_1RRyoA,2right
p1r00134.jpg,170310623001004,-oD4SCHTyFQmW-m_1RRyoA,4left
p1r00135.jpg,170310623001004,Ju4EAB7HM-FpYz3hEHPBnA,2right
p1r00136.jpg,170310623001004,Ju4EAB7HM-FpYz3hEHPBnA,4left
p1r00137.jpg,170310623001007,1iBBdwED4E2plMqAohhWhA,2right
p1r00138.jpg,170310623001007,1iBBdwED4E2plMqAohhWhA,4left
p1r00139.jpg,170310623001007,4UIBQOTA0Y5jPRilB4419w,2right
p1r00140.jpg,170310623001007,4UIBQOTA0Y5jPRilB4419w,4left
p1r00141.jpg,170310627003007,rmpgFiviRQIcGq1SxJZqCA,2right
p1r00142.jpg,170310627003007,rmpgFiviRQIcGq1SxJZqCA,4left
p1r00143.jpg,170310627003007,yZ_90LpmgMhPlvJrD7PLEQ,2right
p1r00144.jpg,170310627003007,yZ_90LpmgMhPlvJrD7PLEQ,4left
p1r00145.jpg,170310629002014,CiHwkIzVchu1iLTUs43oVA,2right
p1r00146.jpg,170310629002014,CiHwkIzVchu1iLTUs43oVA,4left
p1r00147.jpg,170310629002014,E8Hx3VZmTxNKKj5gY8qJuw,2right
p1r00148.jpg,170310629002014,E8Hx3VZmTxNKKj5gY8qJuw,4left
p1r00149.jpg,170310632004004,-t90XE1koqrGVDgDOC3jew,2right
p1r00150.jpg,170310632004004,-t90XE1koqrGVDgDOC3jew,4left
p1r00151.jpg,170310632004004,M_YzzfBVo3LqJR_WHpb9MQ,2right
p1r00152.jpg,170310632004004,M_YzzfBVo3LqJR_WHpb9MQ,4left
p1r00153.jpg,170310632004005,bJMQ0whd3srleqK_TQ9DSQ,2right
p1r00154.jpg,170310632004005,bJMQ0whd3srleqK_TQ9DSQ,4left
p1r00155.jpg,170310632004005,YfM9iJCHmkGSi8tHrsDUyg,2right
p1r00156.jpg,170310632004005,YfM9iJCHmkGSi8tHrsDUyg,4left
p1r00157.jpg,170310634001007,Et54fE1CmP_Lmeruc0pzhQ,2right
p1r00158.jpg,170310634001007,Et54fE1CmP_Lmeruc0pzhQ,4left
p1r00159.jpg,170310634001007,pXoeUleVVUdqdJwgvUZ6CA,2right
p1r00160.jpg,170310634001007,pXoeUleVVUdqdJwgvUZ6CA,4left
p1r00161.jpg,170310703002003,BmitHHHPFWfFk1OQv1LFiA,2right
p1r00162.jpg,170310703002003,BmitHHHPFWfFk1OQv1LFiA,4left
p1r00163.jpg,170310703002003,u9fwLeZr6Fb27TQigke-Hg,2right
p1r00164.jpg,170310703002003,u9fwLeZr6Fb27TQigke-Hg,4left
p1r00165.jpg,170310704003008,G2kDSrsXu-y5LrAg_u6VdA,2right
p1r00166.jpg,170310704003008,G2kDSrsXu-y5LrAg_u6VdA,4left
p1r00167.jpg,170310704003008,yVcisygqnOxdf7gn8ibDzg,2right
p1r00168.jpg,170310704003008,yVcisygqnOxdf7gn8ibDzg,4left
p1r00169.jpg,170310706002009,jYIA15NEDRBYDh8A811Uyg,2right
p1r00170.jpg,170310706002009,jYIA15NEDRBYDh8A811Uyg,4left
p1r00171.jpg,170310706002009,pbQyWWAAKrpXBJFUjDjAHw,2right
p1r00172.jpg,170310706002009,pbQyWWAAKrpXBJFUjDjAHw,4left
p1r00173.jpg,170310707001018,-Ne1ilhtpy8NH3Vrj5IELg,2right
p1r00174.jpg,170310707001018,-Ne1ilhtpy8NH3Vrj5IELg,4left
p1r00175.jpg,170310707001018,aikEl3jPtFzGLAkxabp6zw,2right
p1r00176.jpg,170310707001018,aikEl3jPtFzGLAkxabp6zw,4left
p1r00177.jpg,170310710002020,ArtSh7clFABW7qxfrbFv7w,2right
p1r00178.jpg,170310710002020,ArtSh7clFABW7qxfrbFv7w,4left
p1r00179.jpg,170310710002020,Rqt4Eo20RpYsxAwkylGt2w,2right
p1r00180.jpg,170310710002020,Rqt4Eo20RpYsxAwkylGt2w,4left
p1r00181.jpg,170310715006005,HKi_fFd8VueQx_zkk8tNsA,2right
p1r00182.jpg,170310715006005,HKi_fFd8VueQx_zkk8tNsA,4left
p1r00183.jpg,170310715006005,xsl2IuDQP_SQtcWb2HOIag,2right
p1r00184.jpg,170310715006005,xsl2IuDQP_SQtcWb2HOIag,4left
p1r00185.jpg,170310801003000,cybVa3dTEPzDqr70Yxeoqg,2right
p1r00186.jpg,170310801003000,cybVa3dTEPzDqr70Yxeoqg,4left
p1r00187.jpg,170310801003000,Q7BcVzz_eqO2EVkfP1YBDw,2right
p1r00188.jpg,170310801003000,Q7BcVzz_eqO2EVkfP1YBDw,4left
p1r00189.jpg,170310802022002,jDYDeV6ChVbxZMCLSh0ZKA,2right
p1r00190.jpg,170310802022002,jDYDeV6ChVbxZMCLSh0ZKA,4left
p1r00191.jpg,170310802022002,VTr05cL5zlb_rC-4M4KTgA,2right
p1r00192.jpg,170310802022002,VTr05cL5zlb_rC-4M4KTgA,4left
p1r00193.jpg,170310803003004,db8YmKmkefi-YbOVAS3PBw,2right
p1r00194.jpg,170310803003004,db8YmKmkefi-YbOVAS3PBw,4left
p1r00195.jpg,170310803003004,yXX8X7WNA6bb6qotPnoAjA,2right
p1r00196.jpg,170310803003004,yXX8X7WNA6bb6qotPnoAjA,4left
p1r00197.jpg,170310803004002,4A_uoi6IZGvbhQSp_eXW1g,2right
p1r00198.jpg,170310803004002,4A_uoi6IZGvbhQSp_eXW1g,4left
p1r00199.jpg,170310803004002,RXNGc_gp47BpD65nGsQTHg,2right
p1r00200.jpg,170310803004002,RXNGc_gp47BpD65nGsQTHg,4left
p1r00201.jpg,170310811001000,Lbb9QWVKT0H2BkrqpAgLYg,2right
p1r00202.jpg,170310811001000,Lbb9QWVKT0H2BkrqpAgLYg,4left
p1r00203.jpg,170310811001000,mpuXXfD77l3-W7nzfcdDjQ,2right
p1r00204.jpg,170310811001000,mpuXXfD77l3-W7nzfcdDjQ,4left
p1r00205.jpg,170310814011003,luCKzh43NAqiSqEHmRiCzw,2right
p1r00206.jpg,170310814011003,luCKzh43NAqiSqEHmRiCzw,4left
p1r00207.jpg,170310814011003,Z6O3LqcdsxNgxcUoPDYFNA,2right
p1r00208.jpg,170310814011003,Z6O3LqcdsxNgxcUoPDYFNA,4left
p1r00209.jpg,170310814011007,E54GFiEeAWRMLbSIvXmGwg,2right
p1r00210.jpg,170310814011007,E54GFiEeAWRMLbSIvXmGwg,4left
p1r00211.jpg,170310814011007,ebs8TReaqI9uaU6CfKJU3g,2right
p1r00212.jpg,170310814011007,ebs8TReaqI9uaU6CfKJU3g,4left
p1r00213.jpg,170310814031021,tOuSWaRqKwlPoEuM4aO1tQ,2right
p1r00214.jpg,170310814031021,tOuSWaRqKwlPoEuM4aO1tQ,4left
p1r00215.jpg,170310814031021,XuOLQK12UIvpkFXWtu1NYQ,2right
p1r00216.jpg,170310814031021,XuOLQK12UIvpkFXWtu1NYQ,4left
p1r00217.jpg,170310814032003,5Rk7gHK_2HSs1SKUHRHpLw,2right
p1r00218.jpg,170310814032003,5Rk7gHK_2HSs1SKUHRHpLw,4left
p1r00219.jpg,170310814032003,d3PQ5xHXoizJPnKW7yQ4lg,2right
p1r00220.jpg,170310814032003,d3PQ5xHXoizJPnKW7yQ4lg,4left
p1r00221.jpg,170310814033000,5xTeYdkilHEXuIZGc2Gl1g,2right
p1r00222.jpg,170310814033000,5xTeYdkilHEXuIZGc2Gl1g,4left
p1r00223.jpg,170310814033000,LOawK2i8w9h6xtuCZgqeKg,2right
p1r00224.jpg,170310814033000,LOawK2i8w9h6xtuCZgqeKg,4left
p1r00225.jpg,170310814033001,3M4kq3lcCB3jFSHi4k214A,2right
p1r00226.jpg,170310814033001,3M4kq3lcCB3jFSHi4k214A,4left
p1r00227.jpg,170310814033001,q-eVoVFRiXyNRTQWj-xhbw,2right
p1r00228.jpg,170310814033001,q-eVoVFRiXyNRTQWj-xhbw,4left
p1r00229.jpg,170310814033003,pJXDIeh-60livpcyYL4dmA,2right
p1r00230.jpg,170310814033003,pJXDIeh-60livpcyYL4dmA,4left
p1r00231.jpg,170310814033003,r6Az1AigTU8E9hj-WnRBZQ,2right
p1r00232.jpg,170310814033003,r6Az1AigTU8E9hj-WnRBZQ,4left
p1r00233.jpg,170310815002005,FcTCyOYi9vpL1AXwZjIfUA,2right
p1r00234.jpg,170310815002005,FcTCyOYi9vpL1AXwZjIfUA,4left
p1r00235.jpg,170310815002005,OCOtJia1WK3B3iGTl49WUQ,2right
p1r00236.jpg,170310815002005,OCOtJia1WK3B3iGTl49WUQ,4left
p1r00237.jpg,170310817001009,BtmJMffHc_3vs6GT6TbJpw,2right
p1r00238.jpg,170310817001009,BtmJMffHc_3vs6GT6TbJpw,4left
p1r00239.jpg,170310817001009,MzZmHCoGvdUCWhTTJ4iUPQ,2right
p1r00240.jpg,170310817001009,MzZmHCoGvdUCWhTTJ4iUPQ,4left
p1r00241.jpg,170310817001013,q4GeJiWDgCLebFt25Te52w,2right
p1r00242.jpg,170310817001013,q4GeJiWDgCLebFt25Te52w,4left
p1r00243.jpg,170310817001013,xl-s2h6xf-QaTcQfIM0qEw,2right
p1r00244.jpg,170310817001013,xl-s2h6xf-QaTcQfIM0qEw,4left
p1r00245.jpg,170310818001015,3IklgGDmn7zkqNqXG_h19A,2right
p1r00246.jpg,170310818001015,3IklgGDmn7zkqNqXG_h19A,4left
p1r00247.jpg,170310818001015,EyUFE4jjTgJfDYSQDRqZXw,2right
p1r00248.jpg,170310818001015,EyUFE4jjTgJfDYSQDRqZXw,4left
p1r00249.jpg,170310818002028,0cVXtr7ku5lU8Hk-T35tZw,2right
p1r00250.jpg,170310818002028,0cVXtr7ku5lU8Hk-T35tZw,4left
p1r00251.jpg,170310818002028,m1dPQ2I09Hzm-zt199wr2Q,2right
p1r00252.jpg,170310818002028,m1dPQ2I09Hzm-zt199wr2Q,4left
p1r00253.jpg,170310818002045,uzplPn81F4qkYw3kFov1og,2right
p1r00254.jpg,170310818002045,uzplPn81F4qkYw3kFov1og,4left
p1r00255.jpg,170310818002045,vKYjfSI0hZuJe3Lv1Wcytw,2right
p1r00256.jpg,170310818002045,vKYjfSI0hZuJe3Lv1Wcytw,4left
p1r00257.jpg,170310818002052,c6W37XXgk-UVKbve9pbrWw,2right
p1r00258.jpg,170310818002052,c6W37XXgk-UVKbve9pbrWw,4left
p1r00259.jpg,170310818002052,ouQe1kaAy4Z-qHOXjgaztQ,2right
p1r00260.jpg,170310818002052,ouQe1kaAy4Z-qHOXjgaztQ,4left
p1r00261.jpg,170310902002005,1F77h_zkw03OLKxa7KTvvg,2right
p1r00262.jpg,170310902002005,1F77h_zkw03OLKxa7KTvvg,4left
p1r00263.jpg,170310902002005,ASq4mvrkaw3XvogMikCH5A,2right
p1r00264.jpg,170310902002005,ASq4mvrkaw3XvogMikCH5A,4left
p1r00265.jpg,170310903001032,PXGiQDkY8-2ungVVZlAMSQ,2right
p1r00266.jpg,170310903001032,PXGiQDkY8-2ungVVZlAMSQ,4left
p1r00267.jpg,170310903001032,xEOJqZhvGrwj1cWAbzDt3g,2right
p1r00268.jpg,170310903001032,xEOJqZhvGrwj1cWAbzDt3g,4left
p1r00269.jpg,170311102002009,-c4I-V5hZeYIDNah_Pq77Q,2right
p1r00270.jpg,170311102002009,-c4I-V5hZeYIDNah_Pq77Q,4left
p1r00271.jpg,170311102002009,NNM52bqC2isoeGTt8D5gSg,2right
p1r00272.jpg,170311102002009,NNM52bqC2isoeGTt8D5gSg,4left
p1r00273.jpg,170311104003015,2PX1T8vtmVGPyYUJ2CKngA,2right
p1r00274.jpg,170311104003015,2PX1T8vtmVGPyYUJ2CKngA,4left
p1r00275.jpg,170311104003015,b4kTbZZVIS3BKw3rrO2Uew,2right
p1r00276.jpg,170311104003015,b4kTbZZVIS3BKw3rrO2Uew,4left
p1r00277.jpg,170311204002025,D4y0-VQvVHJVJ5ME1a1z6g,2right
p1r00278.jpg,170311204002025,D4y0-VQvVHJVJ5ME1a1z6g,4left
p1r00279.jpg,170311204002025,qYAfW5JAvkQqQO5AHsuh9g,2right
p1r00280.jpg,170311204002025,qYAfW5JAvkQqQO5AHsuh9g,4left
p1r00281.jpg,170311301003005,gbDllLT0Lbg_Qr9XR9w_7A,2right
p1r00282.jpg,170311301003005,gbDllLT0Lbg_Qr9XR9w_7A,4left
p1r00283.jpg,170311301003005,poxgjuamgv0snGrw9LlVBQ,2right
p1r00284.jpg,170311301003005,poxgjuamgv0snGrw9LlVBQ,4left
p1r00285.jpg,170311301003055,KZCc-0uHMi_ry15Y4FuPiQ,2right
p1r00286.jpg,170311301003055,KZCc-0uHMi_ry15Y4FuPiQ,4left
p1r00287.jpg,170311301003055,tDguvcBfzljq1seLavUavA,2right
p1r00288.jpg,170311301003055,tDguvcBfzljq1seLavUavA,4left
p1r00289.jpg,170311404003016,lcTzOPrn2YK1WB1L1wu9SA,2right
p1r00290.jpg,170311404003016,lcTzOPrn2YK1WB1L1wu9SA,4left
p1r00291.jpg,170311404003016,Q6PNqEq6FVaDMvgCUyw0pQ,2right
p1r00292.jpg,170311404003016,Q6PNqEq6FVaDMvgCUyw0pQ,4left
p1r00293.jpg,170311405001002,3C2m7yYL5tm4RmKPSa3OOw,2right
p1r00294.jpg,170311405001002,3C2m7yYL5tm4RmKPSa3OOw,4left
p1r00295.jpg,170311405001002,MndGDJFMmSxeMjN_1AU16Q,2right
p1r00296.jpg,170311405001002,MndGDJFMmSxeMjN_1AU16Q,4left
p1r00297.jpg,170311408005000,5VwuBtJh51JwKYH_kWmgiw,2right
p1r00298.jpg,170311408005000,5VwuBtJh51JwKYH_kWmgiw,4left
p1r00299.jpg,170311408005000,qlMLprBH7gaiuS1_ZxMqug,2right
p1r00300.jpg,170311408005000,qlMLprBH7gaiuS1_ZxMqug,4left
p1r00301.jpg,170311502003003,As7SLVzaXhElXdzc3dKhpg,2right
p1r00302.jpg,170311502003003,As7SLVzaXhElXdzc3dKhpg,4left
p1r00303.jpg,170311502003003,HJHUYVxoNBdt7bEl_sMQwg,2right
p1r00304.jpg,170311502003003,HJHUYVxoNBdt7bEl_sMQwg,4left
p1r00305.jpg,170311502005004,bEuw36CLolgxJ8pd6kln8A,2right
p1r00306.jpg,170311502005004,bEuw36CLolgxJ8pd6kln8A,4left
p1r00307.jpg,170311502005004,DiguymwzPS-Q6qLRYtG6CQ,2right
p1r00308.jpg,170311502005004,DiguymwzPS-Q6qLRYtG6CQ,4left
p1r00309.jpg,170311503006015,dS9x7LtGpsd-QLPecA8KtA,2right
p1r00310.jpg,170311503006015,dS9x7LtGpsd-QLPecA8KtA,4left
p1r00311.jpg,170311503006015,ZHfCI0qmUkoGvH8DTTuC4w,2right
p1r00312.jpg,170311503006015,ZHfCI0qmUkoGvH8DTTuC4w,4left
p1r00313.jpg,170311504014020,60VhM12CCBjQ6NJfglf7tQ,2right
p1r00314.jpg,170311504014020,60VhM12CCBjQ6NJfglf7tQ,4left
p1r00315.jpg,170311504014020,jI2b1SqyqsmoEgF21okV_A,2right
p1r00316.jpg,170311504014020,jI2b1SqyqsmoEgF21okV_A,4left
p1r00317.jpg,170311504021018,6xPCuRjQBw7zKBdSBH9cmA,2right
p1r00318.jpg,170311504021018,6xPCuRjQBw7zKBdSBH9cmA,4left
p1r00319.jpg,170311504021018,jPoMazLwrvd75e9H_xlHqg,2right
p1r00320.jpg,170311504021018,jPoMazLwrvd75e9H_xlHqg,4left
p1r00321.jpg,170311504022018,8w9fAJgH1TiucujZaMmtnw,2right
p1r00322.jpg,170311504022018,8w9fAJgH1TiucujZaMmtnw,4left
p1r00323.jpg,170311504022018,mgO5MV6MyqxPNCuD73S8Uw,2right
p1r00324.jpg,170311504022018,mgO5MV6MyqxPNCuD73S8Uw,4left
p1r00325.jpg,170311506002000,7uKxoscBkqfphNM1ljAYwQ,2right
p1r00326.jpg,170311506002000,7uKxoscBkqfphNM1ljAYwQ,4left
p1r00327.jpg,170311506002000,H1c0_fQcrobcEMf0Wu6sbg,2right
p1r00328.jpg,170311506002000,H1c0_fQcrobcEMf0Wu6sbg,4left
p1r00329.jpg,170311506002010,OXuf7HSHKEedL-Z20XpDew,2right
p1r00330.jpg,170311506002010,OXuf7HSHKEedL-Z20XpDew,4left
p1r00331.jpg,170311506002010,_u6ZHFg2mOzoj8KrURQ4BQ,2right
p1r00332.jpg,170311506002010,_u6ZHFg2mOzoj8KrURQ4BQ,4left
p1r00333.jpg,170311511004002,hrOA_kEdOj6shXtAPcnqww,2right
p1r00334.jpg,170311511004002,hrOA_kEdOj6shXtAPcnqww,4left
p1r00335.jpg,170311511004002,LFWpQhtzlxqr-D36aYoyhw,2right
p1r00336.jpg,170311511004002,LFWpQhtzlxqr-D36aYoyhw,4left
p1r00337.jpg,170311511004007,gaEYZUi4O56kPqoHKqzbcA,2right
p1r00338.jpg,170311511004007,gaEYZUi4O56kPqoHKqzbcA,4left
p1r00339.jpg,170311511004007,nCD43qFIV4DgW4dDpEfkdg,2right
p1r00340.jpg,170311511004007,nCD43qFIV4DgW4dDpEfkdg,4left
p1r00341.jpg,170311511004018,a4gtLoG_jIw4_WJA0bGY2g,2right
p1r00342.jpg,170311511004018,a4gtLoG_jIw4_WJA0bGY2g,4left
p1r00343.jpg,170311511004018,p-tn9Egep5T7hAW0r5vA-w,2right
p1r00344.jpg,170311511004018,p-tn9Egep5T7hAW0r5vA-w,4left
p1r00345.jpg,170311602001005,EE9eRcy0jalXk2Wam6ONsQ,2right
p1r00346.jpg,170311602001005,EE9eRcy0jalXk2Wam6ONsQ,4left
p1r00347.jpg,170311602001005,zaSGbBkarQzSvPSFVVlxLA,2right
p1r00348.jpg,170311602001005,zaSGbBkarQzSvPSFVVlxLA,4left
p1r00349.jpg,170311602001007,1rAwqSEUa2oqML_Jl0K1FQ,2right
p1r00350.jpg,170311602001007,1rAwqSEUa2oqML_Jl0K1FQ,4left
p1r00351.jpg,170311602001007,xt12DU7LESaVMzPB9LhNCQ,2right
p1r00352.jpg,170311602001007,xt12DU7LESaVMzPB9LhNCQ,4left
p1r00353.jpg,170311604001000,dOQpX0E17AK-Rn76lxW6wA,2right
p1r00354.jpg,170311604001000,dOQpX0E17AK-Rn76lxW6wA,4left
p1r00355.jpg,170311604001000,JbSIkSzhlzn53k-3NSGiNw,2right
p1r00356.jpg,170311604001000,JbSIkSzhlzn53k-3NSGiNw,4left
p1r00357.jpg,170311604002003,PjMT32e2QTagd6yfQScGcg,2right
p1r00358.jpg,170311604002003,PjMT32e2QTagd6yfQScGcg,4left
p1r00359.jpg,170311604002003,QCxbaMkPC0-VY5jt1ueTsQ,2right
p1r00360.jpg,170311604002003,QCxbaMkPC0-VY5jt1ueTsQ,4left
p1r00361.jpg,170311604002007,7N_FODSoxU70tadDszyTfA,2right
p1r00362.jpg,170311604002007,7N_FODSoxU70tadDszyTfA,4left
p1r00363.jpg,170311604002007,9K0JYmTWdUFUWYsUgner0Q,2right
p1r00364.jpg,170311604002007,9K0JYmTWdUFUWYsUgner0Q,4left
p1r00365.jpg,170311604002009,6hw8r6zbHK6-UjguEZR9Tw,2right
p1r00366.jpg,170311604002009,6hw8r6zbHK6-UjguEZR9Tw,4left
p1r00367.jpg,170311604002009,aCihYTcfshOHwqZbaiU-rg,2right
p1r00368.jpg,170311604002009,aCihYTcfshOHwqZbaiU-rg,4left
p1r00369.jpg,170311606021012,DCE-lXwySbFvtb1Fngk4Lg,2right
p1r00370.jpg,170311606021012,DCE-lXwySbFvtb1Fngk4Lg,4left
p1r00371.jpg,170311606021012,_IramEj0c0IR2gl64GK_Dg,2right
p1r00372.jpg,170311606021012,_IramEj0c0IR2gl64GK_Dg,4left
p1r00373.jpg,170311608001013,0XVVkCPybpjPsI3g78u0xQ,2right
p1r00374.jpg,170311608001013,0XVVkCPybpjPsI3g78u0xQ,4left
p1r00375.jpg,170311608001013,c4oxLQ0E1j88EfAG_TFSuw,2right
p1r00376.jpg,170311608001013,c4oxLQ0E1j88EfAG_TFSuw,4left
p1r00377.jpg,170311608003008,C1fPkz1rC6ZmvwgCOAnQFg,2right
p1r00378.jpg,170311608003008,C1fPkz1rC6ZmvwgCOAnQFg,4left
p1r00379.jpg,170311608003008,LKD3Ba3wSrATXQ_ymrlXvg,2right
p1r00380.jpg,170311608003008,LKD3Ba3wSrATXQ_ymrlXvg,4left
p1r00381.jpg,170311608005001,f-CLmrboD-aX_iDfs-xozQ,2right
p1r00382.jpg,170311608005001,f-CLmrboD-aX_iDfs-xozQ,4left
p1r00383.jpg,170311608005001,gphQd2O9ZFBqz88mGmV-EQ,2right
p1r00384.jpg,170311608005001,gphQd2O9ZFBqz88mGmV-EQ,4left
p1r00385.jpg,170311705003004,BPJ6E5HziMyblsNTCHG7Pg,2right
p1r00386.jpg,170311705003004,BPJ6E5HziMyblsNTCHG7Pg,4left
p1r00387.jpg,170311705003004,Hf8Mv8gqngRnNwKKHT9M8g,2right
p1r00388.jpg,170311705003004,Hf8Mv8gqngRnNwKKHT9M8g,4left
p1r00389.jpg,170311707001001,1XOuGgQgOBwB-3WNJHzy_g,2right
p1r00390.jpg,170311707001001,1XOuGgQgOBwB-3WNJHzy_g,4left
p1r00391.jpg,170311707001001,WIO-PZCWGMxQ9lARjEX0EQ,2right
p1r00392.jpg,170311707001001,WIO-PZCWGMxQ9lARjEX0EQ,4left
p1r00393.jpg,170311708003022,FRfNBAnHJi7F5PEB-TTDhw,2right
p1r00394.jpg,170311708003022,FRfNBAnHJi7F5PEB-TTDhw,4left
p1r00395.jpg,170311708003022,wff6PWQK-lPPy2mPc9y1gw,2right
p1r00396.jpg,170311708003022,wff6PWQK-lPPy2mPc9y1gw,4left
p1r00397.jpg,170311710002019,jRnEi3AIDYMqW4rw_ewA6w,2right
p1r00398.jpg,170311710002019,jRnEi3AIDYMqW4rw_ewA6w,4left
p1r00399.jpg,170311710002019,KW4hT84qSunSjFFDMA4g4w,2right
p1r00400.jpg,170311710002019,KW4hT84qSunSjFFDMA4g4w,4left
p1r00401.jpg,170311801003024,N9vAjtPNaYJhly7ImlYsdQ,2right
p1r00402.jpg,170311801003024,N9vAjtPNaYJhly7ImlYsdQ,4left
p1r00403.jpg,170311801003024,_cjsMQpa37-QUy4bKAOFiw,2right
p1r00404.jpg,170311801003024,_cjsMQpa37-QUy4bKAOFiw,4left
p1r00405.jpg,170311901001002,0_PaskK5D6LB4vzr_Cl78w,2right
p1r00406.jpg,170311901001002,0_PaskK5D6LB4vzr_Cl78w,4left
p1r00407.jpg,170311901001002,aZnCukToanQ7UiPr2dVdbA,2right
p1r00408.jpg,170311901001002,aZnCukToanQ7UiPr2dVdbA,4left
p1r00409.jpg,170311906013022,EIKgPNpyQX-TjXlBpdbb6w,2right
p1r00410.jpg,170311906013022,EIKgPNpyQX-TjXlBpdbb6w,4left
p1r00411.jpg,170311906013022,uWQip6s17eWx1ZAa0HaxTQ,2right
p1r00412.jpg,170311906013022,uWQip6s17eWx1ZAa0HaxTQ,4left
p1r00413.jpg,170311906021000,6H0P3h5KSO_5paeA5Ccisw,2right
p1r00414.jpg,170311906021000,6H0P3h5KSO_5paeA5Ccisw,4left
p1r00415.jpg,170311906021000,_Bs0im76ltGm7P5-RgLKGw,2right
p1r00416.jpg,170311906021000,_Bs0im76ltGm7P5-RgLKGw,4left
p1r00417.jpg,170311906021001,qdsHuMOfquafFW5-JRRE2w,2right
p1r00418.jpg,170311906021001,qdsHuMOfquafFW5-JRRE2w,4left
p1r00419.jpg,170311906021001,y-_Mu4Qd2LqP8goULZOWxQ,2right
p1r00420.jpg,170311906021001,y-_Mu4Qd2LqP8goULZOWxQ,4left
p1r00421.jpg,170311907011013,6UjtYvDWtQJnCjIGuxBR6A,2right
p1r00422.jpg,170311907011013,6UjtYvDWtQJnCjIGuxBR6A,4left
p1r00423.jpg,170311907011013,iQhAFFB5MTadbITqaJ6wlA,2right
p1r00424.jpg,170311907011013,iQhAFFB5MTadbITqaJ6wlA,4left
p1r00425.jpg,170311908005014,2SVPDRy5MHMx8Nc236cTlg,2right
p1r00426.jpg,170311908005014,2SVPDRy5MHMx8Nc236cTlg,4left
p1r00427.jpg,170311908005014,oiYtSWiqtf4anhReBaqn9A,2right
p1r00428.jpg,170311908005014,oiYtSWiqtf4anhReBaqn9A,4left
p1r00429.jpg,170311910001003,6Cew2cl-h6Rw0pGkGd2L1w,2right
p1r00430.jpg,170311910001003,6Cew2cl-h6Rw0pGkGd2L1w,4left
p1r00431.jpg,170311910001003,uf6HkhYelkcbg2XMXuSqog,2right
p1r00432.jpg,170311910001003,uf6HkhYelkcbg2XMXuSqog,4left
p1r00433.jpg,170312105012000,48I06XgwOsKL_JVKmNXD8A,2right
p1r00434.jpg,170312105012000,48I06XgwOsKL_JVKmNXD8A,4left
p1r00435.jpg,170312105012000,lDS1cCfjIwvCUD4g3X-0Cw,2right
p1r00436.jpg,170312105012000,lDS1cCfjIwvCUD4g3X-0Cw,4left
p1r00437.jpg,170312106011005,Lws5rojHHKXYmMa38CA3sw,2right
p1r00438.jpg,170312106011005,Lws5rojHHKXYmMa38CA3sw,4left
p1r00439.jpg,170312106011005,vzZhUZOTu6eQV-ZXbtW6Hw,2right
p1r00440.jpg,170312106011005,vzZhUZOTu6eQV-ZXbtW6Hw,4left
p1r00441.jpg,170312106023006,-a8E8dkgvxInW9M36K4w2g,2right
p1r00442.jpg,170312106023006,-a8E8dkgvxInW9M36K4w2g,4left
p1r00443.jpg,170312106023006,geuo6N8aBRYpEsmPJXd18g,2right
p1r00444.jpg,170312106023006,geuo6N8aBRYpEsmPJXd18g,4left
p1r00445.jpg,170312107002010,6NuaPP495uDqKIFVhmSxmA,2right
p1r00446.jpg,170312107002010,6NuaPP495uDqKIFVhmSxmA,4left
p1r00447.jpg,170312107002010,Q78kVn3teSgazP34-TaEiw,2right
p1r00448.jpg,170312107002010,Q78kVn3teSgazP34-TaEiw,4left
p1r00449.jpg,170312109002016,LaLIdTD8YWTsVNfpT5Mv5Q,2right
p1r00450.jpg,170312109002016,LaLIdTD8YWTsVNfpT5Mv5Q,4left
p1r00451.jpg,170312109002016,YzrKOVantzX5i4AtcKmFNQ,2right
p1r00452.jpg,170312109002016,YzrKOVantzX5i4AtcKmFNQ,4left
p1r00453.jpg,170312204002002,-JqjwxY_wwK9GNILWGXFjQ,2right
p1r00454.jpg,170312204002002,-JqjwxY_wwK9GNILWGXFjQ,4left
p1r00455.jpg,170312204002002,ZhkNcqoUgrcC9sGi8e2j4A,2right
p1r00456.jpg,170312204002002,ZhkNcqoUgrcC9sGi8e2j4A,4left
p1r00457.jpg,170312207013016,-dYwkL6Z0vOkPkqokF2oBA,2right
p1r00458.jpg,170312207013016,-dYwkL6Z0vOkPkqokF2oBA,4left
p1r00459.jpg,170312207013016,mLxpjxsznT_Ee_LGspCVcg,2right
p1r00460.jpg,170312207013016,mLxpjxsznT_Ee_LGspCVcg,4left
p1r00461.jpg,170312207022001,9wADxmAPtkBdkGETFY5MIg,2right
p1r00462.jpg,170312207022001,9wADxmAPtkBdkGETFY5MIg,4left
p1r00463.jpg,170312207022001,NKXLLvLg0kMBHXJ3ycr3KA,2right
p1r00464.jpg,170312207022001,NKXLLvLg0kMBHXJ3ycr3KA,4left
p1r00465.jpg,170312212002002,FN1U131GbQ5c59GpU1jNcA,2right
p1r00466.jpg,170312212002002,FN1U131GbQ5c59GpU1jNcA,4left
p1r00467.jpg,170312212002002,tzV6fsleiYpzZVLV9TLndg,2right
p1r00468.jpg,170312212002002,tzV6fsleiYpzZVLV9TLndg,4left
p1r00469.jpg,170312214001000,HUyxycUJeV5JD-NZoqaEJQ,2right
p1r00470.jpg,170312214001000,HUyxycUJeV5JD-NZoqaEJQ,4left
p1r00471.jpg,170312214001000,TWDPPtJzGNHvrMAxKm3KsQ,2right
p1r00472.jpg,170312214001000,TWDPPtJzGNHvrMAxKm3KsQ,4left
p1r00473.jpg,170312214002003,A8B7MxVQ996-pf2Zeq4U2g,2right
p1r00474.jpg,170312214002003,A8B7MxVQ996-pf2Zeq4U2g,4left
p1r00475.jpg,170312214002003,fVcNbsRqHW8Joj-kynEkUw,2right
p1r00476.jpg,170312214002003,fVcNbsRqHW8Joj-kynEkUw,4left
p1r00477.jpg,170312214002010,9R5Yy7dDNQaQtPO9dLbJEg,2right
p1r00478.jpg,170312214002010,9R5Yy7dDNQaQtPO9dLbJEg,4left
p1r00479.jpg,170312214002010,h_tgJPPmqvmWQbbWpwu_WA,2right
p1r00480.jpg,170312214002010,h_tgJPPmqvmWQbbWpwu_WA,4left
p1r00481.jpg,170312214003007,vY-fyrPRa_tUyxFwamnhTA,2right
p1r00482.jpg,170312214003007,vY-fyrPRa_tUyxFwamnhTA,4left
p1r00483.jpg,170312214003007,Xac9FuhZbRRhDcUl8Kr9_w,2right
p1r00484.jpg,170312214003007,Xac9FuhZbRRhDcUl8Kr9_w,4left
p1r00485.jpg,170312228001001,ikqwj5nSbktWr5oXNtPQ9w,2right
p1r00486.jpg,170312228001001,ikqwj5nSbktWr5oXNtPQ9w,4left
p1r00487.jpg,170312228001001,PsV9jwEEMGgWLurBlhY1UQ,2right
p1r00488.jpg,170312228001001,PsV9jwEEMGgWLurBlhY1UQ,4left
p1r00489.jpg,170312403001025,5iBVvXpvi7uX-9PcCo5-dw,2right
p1r00490.jpg,170312403001025,5iBVvXpvi7uX-9PcCo5-dw,4left
p1r00491.jpg,170312403001025,kLk5R-oFb7jgxkE_irhZUg,2right
p1r00492.jpg,170312403001025,kLk5R-oFb7jgxkE_irhZUg,4left
p1r00493.jpg,170312405001003,DmmS8ONKa-z-MPxW_fEJgA,2right
p1r00494.jpg,170312405001003,DmmS8ONKa-z-MPxW_fEJgA,4left
p1r00495.jpg,170312405001003,iAR4yOS0SUBXAM0nj0UWuw,2right
p1r00496.jpg,170312405001003,iAR4yOS0SUBXAM0nj0UWuw,4left
p1r00497.jpg,170312411001020,1Y_pSnb8gEJMJ6IFxSQUaA,2right
p1r00498.jpg,170312411001020,1Y_pSnb8gEJMJ6IFxSQUaA,4left
p1r00499.jpg,170312411001020,bdWvbzJAyuqv5VvzQQ9tog,2right
p1r00500.jpg,170312411001020,bdWvbzJAyuqv5VvzQQ9tog,4left
p1r00501.jpg,170312413001002,P4sVFJtQZ21E6aDWsTXfQA,2right
p1r00502.jpg,170312413001002,P4sVFJtQZ21E6aDWsTXfQA,4left
p1r00503.jpg,170312413001002,TjgLLMQha2-ULqZaiogevA,2right
p1r00504.jpg,170312413001002,TjgLLMQha2-ULqZaiogevA,4left
p1r00505.jpg,170312414002003,eS7hdIuPUv5reYgsNRHoxw,2right
p1r00506.jpg,170312414002003,eS7hdIuPUv5reYgsNRHoxw,4left
p1r00507.jpg,170312414002003,fjtrnh813DzOyP9GBPf7bA,2right
p1r00508.jpg,170312414002003,fjtrnh813DzOyP9GBPf7bA,4left
p1r00509.jpg,170312415001019,-XK7lYi2n0q7tu2rOoB5IQ,2right
p1r00510.jpg,170312415001019,-XK7lYi2n0q7tu2rOoB5IQ,4left
p1r00511.jpg,170312415001019,lQtNQPpZdXCJSmmBpy7teg,2right
p1r00512.jpg,170312415001019,lQtNQPpZdXCJSmmBpy7teg,4left
p1r00513.jpg,170312415002000,pNIfLBNguWWBUyOmeHvoMg,2right
p1r00514.jpg,170312415002000,pNIfLBNguWWBUyOmeHvoMg,4left
p1r00515.jpg,170312415002000,sFqBFsyg7tX_7f7Ssk6jsQ,2right
p1r00516.jpg,170312415002000,sFqBFsyg7tX_7f7Ssk6jsQ,4left
p1r00517.jpg,170312429002010,30m-j9VmkcGPaej0-DTJpg,2right
p1r00518.jpg,170312429002010,30m-j9VmkcGPaej0-DTJpg,4left
p1r00519.jpg,170312429002010,TFUfYeU0gCiUXhRVZFKAhA,2right
p1r00520.jpg,170312429002010,TFUfYeU0gCiUXhRVZFKAhA,4left
p1r00521.jpg,170312434002012,EHmJnKefvq6AZVpzlYcufw,2right
p1r00522.jpg,170312434002012,EHmJnKefvq6AZVpzlYcufw,4left
p1r00523.jpg,170312434002012,IvxGMw5NJxIftwtQaZynqw,2right
p1r00524.jpg,170312434002012,IvxGMw5NJxIftwtQaZynqw,4left
p1r00525.jpg,170312434003002,g-2wYwIVNQOp5xss5RaEcw,2right
p1r00526.jpg,170312434003002,g-2wYwIVNQOp5xss5RaEcw,4left
p1r00527.jpg,170312434003002,RfQHdJd_kWoQzF_21RmleA,2right
p1r00528.jpg,170312434003002,RfQHdJd_kWoQzF_21RmleA,4left
p1r00529.jpg,170312434003008,lvuyVr2OOhJFg3thjJ8d7g,2right
p1r00530.jpg,170312434003008,lvuyVr2OOhJFg3thjJ8d7g,4left
p1r00531.jpg,170312434003008,R2HP8eIXjYQG05T-IDtd3w,2right
p1r00532.jpg,170312434003008,R2HP8eIXjYQG05T-IDtd3w,4left
p1r00533.jpg,170312435001019,LRZx5HRf_FNTnwCO2LNG8Q,2right
p1r00534.jpg,170312435001019,LRZx5HRf_FNTnwCO2LNG8Q,4left
p1r00535.jpg,170312435001019,P0AJ1pFcilyjkPDst6jN9Q,2right
p1r00536.jpg,170312435001019,P0AJ1pFcilyjkPDst6jN9Q,4left
p1r00537.jpg,170312435002010,A73W2rRnvwF2kh4wTv-Zjw,2right
p1r00538.jpg,170312435002010,A73W2rRnvwF2kh4wTv-Zjw,4left
p1r00539.jpg,170312435002010,wVSOMLJ7FxmtyM1tYUukAA,2right
p1r00540.jpg,170312435002010,wVSOMLJ7FxmtyM1tYUukAA,4left
p1r00541.jpg,170312435002029,2JU3Ec29Mmochphk1Ln8eg,2right
p1r00542.jpg,170312435002029,2JU3Ec29Mmochphk1Ln8eg,4left
p1r00543.jpg,170312435002029,U7wRRWqtBcHwCuX2DGjW3w,2right
p1r00544.jpg,170312435002029,U7wRRWqtBcHwCuX2DGjW3w,4left
p1r00545.jpg,170312435002030,baVmG2QAI-7stDxrRVb6zA,2right
p1r00546.jpg,170312435002030,baVmG2QAI-7stDxrRVb6zA,4left
p1r00547.jpg,170312435002030,FJ0yafo970MCRTp6mx_xyQ,2right
p1r00548.jpg,170312435002030,FJ0yafo970MCRTp6mx_xyQ,4left
p1r00549.jpg,170312504003013,E0mYswxmhV5t3C9nKjXSbQ,2right
p1r00550.jpg,170312504003013,E0mYswxmhV5t3C9nKjXSbQ,4left
p1r00551.jpg,170312504003013,nbOpA7H241JJ4x5weM4VTw,2right
p1r00552.jpg,170312504003013,nbOpA7H241JJ4x5weM4VTw,4left
